store,address,Latitude,Longitude,phone
학동역 DT점,서울특별시 강남구 학동로 211 1층,37.5146474,127.0320468,02-3444-9973
차병원점,서울특별시 강남구 논현로 566 강남차병원1층,37.4848012,127.0418318,02-538-7615
강남대로점,서울특별시 서초구 강남대로 369 1층,37.4956154,127.0282032,02-588-5778
강남에스점,서울특별시 서초구 서초 1306-3호,37.49184,127.007688,02-593-5095
청담에스점,"서울특별시 강남구 압구정로 461 네이처포엠빌딩B108,109호",37.5252633,127.0471584,02-548-6052
신사점,서울특별시 강남구 도산대로 126,37.5169242,127.0223976,02-548-2741
압구정역점,서울특별시 강남구 논현로 842 압구정빌딩1층,37.5240588,127.0287209,02-544-6823
역삼점,"서울특별시 강남구 논현로 512 지상1,2층",37.5022999,127.0365096,02-569-8051
양재스포타임점,서울특별시 서초구 강남대로 213 24호 지하1층,37.482717,127.0349215,02-578-6833
청담성당점,서울특별시 강남구 삼성로 716 LEE76빌딩2층,37.5231998,127.0486655,02-542-2053
영동점,서울특별시 서초구 반포동 736-17 P빌딩 2층,37.5068042,127.0227988,02-3443-2096
도곡점,"서울특별시 강남구 언주로 30길 10,112 현대비젼21 112호",37.4881509,127.0528748,02-572-2781
영동고앞점,"서울특별시 강남구 선릉로 749 1,2층",37.5214441,127.0394571,02-544-3794
공항터미널앞점,서울특별시 강남구 테헤란로 87길 17 1층,37.5086688,127.0583335,02-539-5174
압구정시티점,"서울특별시 강남구 도산대로49길 13 1층 17,18호",37.5236973,127.0369789,02-543-5922
압구정로데오점,서울특별시 강남구 선릉로 157길 12 석전빌딩 1~4층,37.5260686,127.0390203,02-3445-5093
서초우성점,서울특별시 서초구 강남대로 51길 1 511 TOWER 1층,37.4912666,127.0302496,02-582-0158
논현팍스타워점,서울특별시 강남구 논현 231-13호 팍스타워지하1층,37.5100034,127.0365611,02-513-3870
삼성오크우드점,서울특별시 강남구 영동대로 513 컨벤션별관A동 지하 2층,37.5095948,127.0594292,02-3466-8507
트레이드타워점,서울특별시 강남구 영동대로 511 트레이드타워 지하1층,37.5103238,127.0610228,02-6002-6470
삼성봉은사거리점,"서울특별시 강남구 영동대로 607 1,2층",37.5145239,127.0594748,02-3443-5618
반포엘루체점,서울특별시 서초구 신반포로 23 1141호 엘루체백화점내1층1013~1015호,37.5017064,126.9872169,02-3477-5571
잠실신천점,서울특별시 송파구 석촌호수로 118 1층,37.5073916,127.0900171,02-416-9520
서초지파이브점,"서울특별시 서초구 서초동 1685-8호 101~2호,113~4호,121호",37.4954141,127.0164028,02-3477-5580
논현동수면센터점,서울특별시 강남구 논현로 717 1층,37.5159215,127.0295236,02-3443-5575
삼성전자강남사옥점,서울특별시 서초구 서초대로74길 11 지하2층,37.4966085,127.0269023,02-2055-1142
삼성생명강남사옥점,서울특별시 서초구 서초대로74길 4 삼성생명보험서초타워내지하1층,37.4967103,127.0256999,02-581-5562
방배카페골목점,서울특별시 서초구 방배중앙로 187,37.4956811,126.9855319,02-592-7794
역삼포스틸타워뒷점,서울특별시 강남구 테헤란로 20길 10 쓰리엠타워1층,37.4990484,127.0341289,02-554-9962
테헤란로하이닉스뒷점,서울특별시 강남구 테헤란로 70길 12 1층,37.5047023,127.0531444,02-538-9927
삼성봉은사로점,서울특별시 강남구 봉은사로 628 엘슨빌딩1층,37.5145705,127.0641848,02-538-4523
방이점,서울특별시 송파구 오금로 11길 7,37.5145269,127.1079524,02-415-5561
매봉역점,서울특별시 강남구 논현로 38길 42 418호,37.4855358,127.0450506,02-529-9947
남부터미널역점,서울특별시 서초구 서초중앙로 43 로얄타워1층,37.4854929,127.0155582,02-523-3671
강남역랭기지타워점,서울특별시 강남구 테헤란로4길 28 826-28호 1층,37.4964994,127.0300724,02-563-3655
도심공항타워점,서울특별시 강남구 테헤란로87길 36 공항타워 1층,37.5101935,127.0585824,02-2016-5330
청담카페점,"서울특별시 강남구 도산대로 67길 7,파크빌딩 1층",37.5244596,127.0444132,02-514-5622
광화문점,서울특별시 종로구 서린동 136 센트리얼빌딩 1층,37.5697729,126.9788485,02-3210-2326
경희궁의아침점,서울특별시 종로구 새문안로3길 23 경희궁아침상가4단지105외,37.5722444,126.9722071,02-730-8896
홍대역점,서울특별시 마포구 홍익로 6길 26,37.5554353,126.9232406,02-333-4278
순화점,서울특별시 중구 순화202 1-94 프레이저플레이스레지던스1층,37.563104,126.969074,02-2220-8198
소공동삼화빌딩점,서울특별시 중구 남대문로7길 16 한컴빌딩 1층,37.5641199,126.9811544,02-753-8004
강변테크노마트점,서울특별시 광진구 광나루로56길 85 테크노마트9층35호,37.5349372,127.0957088,02-3424-5480
외대앞점,서울특별시 동대문구 이문로 106 1~3층,37.5960309,127.0602028,02-959-7750
고대안암역점,서울특별시 성북구 개운사길8 101-3 1층,37.5868192,127.0295425,02-953-6652
순화동라마다호텔점,서울특별시 중구 칠패로 27 151호,37.560174,126.9720786,02-3789-3347
세종문화회관옆점,서울특별시 종로구 새문안로 9길 25 1층,37.5713114,126.9754688,02-720-5561
신촌점,서울특별시 서대문구 창천 18-26호 B1,37.5054942,127.006719,02-363-5572
건대스타시티점,서울특별시 광진구 자양동 227-342호 롯데백화점 옆 더클래식500건물 1층,37.5387765,127.0710831,02-444-9861
하나은행경복궁역점,"서울특별시 종로구 사직로 130,1 현대적선빌딩1층",37.5753274,126.973307,02-733-5108
중계동은행사거리점,서울특별시 노원구 한글비석로 263 1층,37.6511746,127.0764616,02-931-3055
서울스퀘어점,서울특별시 중구 한강대로 416 지하1층,37.5554652,126.9737482,02-6456-8907
목동점,서울특별시 양천구 목동동로 293 현대41타워1층,37.5281527,126.8757457,02-2654-5981
여의도34번지점,서울특별시 영등포구 국제금융로 52 심팩빌딩 1층,37.5226863,126.9294912,02-783-2043
여의도교보증권점,서울특별시 영등포구 의사당대로 97 26-4 교보증권빌딩1층,37.5224767,126.9245731,02-783-6058
시흥홈플러스점,서울특별시 금천구 시흥대로 201 1층,37.4519767,126.900714,02-803-9994
여의도순복음교회옆점,서울특별시 영등포구 여의서로 43 한서리버파크2층,37.5305378,126.9248115,02-780-7758
부산광복동점,부산광역시 중구 창선동 2가 8-2,35.0994661,129.0290155,051-243-9105
인천구월동점,"인천광역시 남동구 예술로 138 지상1,2층",37.4462001,126.7009972,032-421-3418
대전탄방동점,대전광역시 서구 문정로76 1층,36.3463925,127.3876848,042-471-9805
일산라페스타점,경기도 고양시 일산동구 장항동 764 라페스타C동,37.6615162,126.7685826,031-907-2326
일산웨스턴돔1호점,경기도 고양시 일산동구 정발산로 24 I동103~203호,37.6557011,126.7719572,031-931-5573
분당서현점,"경기도 성남시 분당구 분당로53번길 11 1층2,3호",37.3840305,127.1215414,031-705-8926
분당플라자점,경기도 성남시 분당구 황새울로 326 서현빌딩상가내2층,37.3850952,127.1218565,031-705-3188
분당차병원점,"경기도 성남시 분당구 야탑로65번길 16, 분당차병원 신관동 1층 101호(야탑동)",37.4109829,127.1263496,031-781-0471
분당수내점,경기도 성남시 분당구 황새울로 214번길8 MSPlaza내1층,37.3781018,127.1122975,031-713-9937
동탄라마다호텔점,경기도 화성시 노작로 199 동탄라마다호텔107호~111호,37.2058064,127.0746707,031-8003-8374
창원상남동점,경상남도 창원시 성산구 중앙대로 104 마이우스오피스텔 123호 207호,35.2234576,128.6808054,055-211-0737
청주지웰시티점,"충청북도 청주시 흥덕구 대농로 17 지웰시티몰 1층 124-1,125,126호",36.6440331,127.4248313,043-238-3151
무교CBTL점,서울특별시 중구 세종대로 136 파이낸스빌딩 지하2층,37.5683731,126.9782699,070-4140-7003
국기원사거리점,서울특별시 강남구 테헤란로 8길 42 1층,37.4960888,127.0320874,02-552-7106
무교점,"서울특별시 중구 태평로1 84호 SFC빌딩B1,1-4",37.5683689,126.97779,02-753-2374
남대문점,서울특별시 중구 후암로110 581호 서울시티타워1층,37.5542316,126.9740458,02-777-4217
올림픽플라자점,서울특별시 송파구 양재대로 1222 올림픽선수A 1층212~3호,37.5157197,127.1322328,02-402-3571
대학로마로니에점,"서울특별시 종로구 대학로 12길 62 지하1층,지상1,2층",37.5813717,127.0037067,02-742-3318
인사점,서울특별시 종로구 낙원동 272 오라카이스위츠 1층,37.5729617,126.9873316,02-6262-8100
테헤란로비젼타워점,서울특별시 강남구 테헤란로 312 707-2번지1층,37.5029016,127.0450341,02-558-7101
서울대입구역점,"서울특별시 관악구 관악로 161 층일부 2,3층",37.4795693,126.9521709,02-882-3101
코엑스인터점,서울특별시 강남구 봉은사로 524 코엑스 인터컨티넨탈아케이드,37.5126188,127.0574169,02-569-3103
뉴압구정점,서울특별시 강남구 논현로 167길 9 낙산프라자 1층,37.5243848,127.0274138,02-545-3181
디큐브시티점,서울특별시 구로구 경인로 662 디큐브시티 4층,37.50904,126.889424,02-2210-9484
충무로극동빌딩점,서울특별시 중구 퇴계로 173 남산스퀘어 1층,37.5618134,126.9910239,02-2273-3181
현대자동차여의도점,서울특별시 영등포구 국제금융로 20 1층,37.5248486,126.9272848,02-783-3391
포스코사거리점,서울특별시 강남구 테헤란로 439,37.5067919,127.0551742,02-508-7522
선릉로93길점,서울특별시 강남구 선릉로93길 6(역삼동) 1층,37.5056485,127.0478855,02-552-3177
강남역먹자골목점,서울특별시 강남구 테헤란로1길 29 1층일부 및 2.3층,37.5000716,127.0272724,02-552-6311
삼성로점,"서울특별시 강남구 삼성로 551 1층,2층",37.5106656,127.0540543,02-552-9311
선릉로86길점,서울특별시 강남구 선릉로86길 11,37.5033662,127.0505735,02-2051-8875
안국역점,"서울특별시 종로구 율곡로 47 1,2층",37.5762989,126.9845773,02-722-3356
뉴교보타워옆점,"서울특별시 서초구 강남대로 449-3 알고코리아빌딩 1,2층",37.5023197,127.024867,02-591-5177
IFC MALL2호점,서울특별시 영등포구 국제금융로10 IFC B2층,37.525219,126.926025,02-6137-5054
상암SBS미디어센터점,서울특별시 마포구 상암산로 82 SBS프리즘타워 1층,37.5796671,126.8927316,02-2039-9027
마리오아울렛점,서울특별시 금천구 디지털로9길 23 마리오-2관 패션타워3층,37.4786713,126.8864968,02-857-5501
삼성금융플라자점,서울특별시 강남구 테헤란로 419 삼성금융플라자1층,37.5058415,127.0521663,02-554-7591
현대자동차남양연구소점,경기도 화성시 장덕동 현대연구소로150 현대자동차남양연구소 설계1동1F,37.159415,126.818941,031-357-8103
이태원점,서울특별시 용산구 이태원로 189,37.5347979,126.9948879,02-794-3361
뉴가로수길점,서울특별시 강남구 가로수길 83,37.524609,127.022951,02-544-7105
서초뱅뱅사거리점,"서울특별시 서초구 강남대로 267 2,3층",37.4871262,127.0323206,02-523-8841
현대자동차성내점,"서울특별시 강동구 천호대로 1096 1,2F",37.5351932,127.1332123,02-485-3361
수원인계점,경기도 수원시 팔달구 권광로 195 학산빌딩1층,37.264878,127.032639,031-233-5631
판교아브뉴프랑점,경기도 성남시 분당구 동판교로177번길 25,37.3979171,127.1151675,031-8016-8131
일산원마운트점,경기도 고양시 일산서구 한류월드로 300 원마운트스포츠몰 1층,37.664346,126.75438,031-961-6520
남양연구소C1식당점,경기도 화성시 장덕동 현대연구소로150 현대자동차남양연구소 C1구역식당1F,37.159415,126.818941,031-357-8172
여의도교보증권카페점,서울특별시 영등포구 의사당대로 97 교보증권빌딩 2층,37.5224767,126.9245731,02-785-8845
압구정현대아파트점,서울특별시 강남구 압구정로29길65 지하1층,37.5317699,127.0269887,02-518-3350
역삼역4번출구점,서울특별시 강남구 테헤란로143 고운빌딩1층,37.5005994,127.0349658,02-508-1137
시청역7번출구점,서울특별시 중구 세종대로84 2층,37.5636214,126.9771656,02-754-8852
부평문화의거리점,"인천광역시 부평구 시장로29 1,2층",37.4936251,126.7256016,032-507-9901
강남대로센터점,서울특별시 강남구 강남대로442 흥국화재빌딩 2층,37.5021078,127.0261636,02-565-3345
구로G-ValleyMall,서울특별시 구로구 디지털로300 지밸리비즈플라자 2층,37.4833793,126.8941131,02-6344-3966
내방역7번출구유중아트점,서울특별시 서초구 방배로178 유중아트센터1층,37.489493,126.992833,02-592-8861
도심공항점,서울특별시 강남구 테헤란로87길22 도심공항터미널 지하1층,37.5096517,127.0593385,02-551-6456
타임스퀘어점,서울특별시 영등포구 영중로15 타임스퀘어 1층,37.517007,126.9041419,02-2635-8830
차병원사거리점,서울특별시 강남구 봉은사로207 KJ타워1층,37.5078039,127.0346812,02-542-8813
CBTL(커피빈)파르나스몰점,서울특별시 강남구 테헤란로521 파르나스몰 지하1층,37.5091322,127.0608511,02-538-2008
광화문역1번출구점,서울특별시 종로구 새문안로5가길 7 1층 일부,37.5727405,126.9740251,02-723-3360
남양연구소PT동점,경기도 화성시 장덕동 현대연구소로150 현대자동차남양연구소 PT동 1층,37.159415,126.818941,031-355-1346
현대프리미엄아울렛김포점,경기도 김포시 고촌읍 전호리 654번지 현대프리미엄아울렛김포3층 618호,37.5851988,126.7953056,031-8048-2618
여의도신영증권별관점,서울특별시 영등포구 국제금융로8길6 신영증권별관빌딩2층,37.5200391,126.9286025,02-782-1125
이태원제일기획옆점,서울특별시 용산구 이태원로220(한남동) 1층,37.5347725,126.9984693,02-792-3560
강남역GT타워옆점,서울특별시 서초구 서초대로73길12 세계빌딩1층,37.4985126,127.0257229,02-592-0053
광교아브뉴프랑점,"경기도 수원시 영통구 이의동 1332 광교아브뉴프랑 1층 A122,123호",37.2987951,127.0591098,031-216-9308
광장동대한제지점,서울특별시 광진구 아차산로563(광장동) 대한제지빌딩 로비층,37.5440676,127.1029024,02-458-8166
신천역점,서울특별시 송파구 올림픽로100 효창타워1층,37.5114323,127.0812388,02-417-8851
포항영일대점,경상북도 포항시 북구 삼호로265번길1 NB-City복합시설1층104호,36.061543,129.379659,054-241-3372
낙성대역점,"서울특별시 관악구 남부순환로1909 1,2층",37.4780739,126.9615951,02-875-3364
인천공항탑승동130gate앞점,인천광역시 중구 공항로272 인천국제공항탑승동3층 FB-C5-57,37.479174,126.4406136,032-743-7213
인천공항탑승동105gate앞점,인천광역시 중구 공항로272 인천국제공항탑승동3층 FB-C5-68,37.479174,126.4406136,032-743-7223
경주미탐시티점,경상북도 경주시 엑스포로80(천군동)1층,35.8312212,129.2970539,054-777-5982
석촌호수점,서울특별시 송파구 석촌호수로 222 제이타워 1층,37.5070095,127.1015359,02-415-1235
오목교역사거리점,"서울특별시 양천구 오목로 350 목동썬텍씨티빌딩 1층,2층",37.524127,126.8762326,02-2653-8577
을지로입구역점,"서울특별시 중구 남대문로10길 6 1,2층",37.5668399,126.9832228,02-752-3348
이천하이닉스점,경기도 이천시 부발읍 하이닉스반도체,37.2836004,127.4868935,031-8094-7013
송도홈플러스점,인천광역시 연수구 송도국제대로 165(송도동) 홈플러스송도점1층,37.3848777,126.6587343,032-822-5905
올림픽공원북2문앞점,서울특별시 강동구 강동대로193 1층,37.5244663,127.1279626,02-471-2372
고대참살이길점,"서울특별시 성북구 인촌로24길 25 (안암동5가) 2층,3층",37.5849882,127.0295301,02-923-7735
삼성역글라스타워뒷점,서울특별시 강남구 영동대로85길 9 (대치동) 서전빌딩1층,37.5070561,127.062887,02-552-3363
범계역로데오점,경기도 안양시 동안구 평촌대로 223번길 41(호계동 1045-9) 2층,37.3908561,126.953285,031-476-9082
포스코옆삼성로86길점,서울특별시 강남구 삼성로86길 11 거봉빌딩 1층,37.5058427,127.0582887,02-569-7501
상암한국지역정보개발원점,서울특별시 마포구 성암로301 KLID한국지역정보개발원 1층,37.5740931,126.9035854,02-376-9162
분당정자점,경기도 성남시 분당구 정자일로 227(정자동) 백궁지엔느주차전용빌딩 1층,37.3705055,127.1057126,031-786-1906
신논현역점,서울특별시 강남구 봉은사로108 글라스톤빌딩1층,37.5083763,127.0366599,02-569-9061
강서그랜드아이파크점,서울특별시 강서구 화곡6동 1095번지 1층,37.554776,126.8511883,02-2699-7462
연대동문회관점,"서울특별시 서대문구 대신동 50-5 1층,2층(B동)",37.5630488,126.9432618,02-362-8301
장안점,"서울특별시 동대문구 장안동 372-1, 1층 일부 및 2층 전체",37.5708961,127.0705258,02-2249-9826
수원망포역점,경기도 수원시 영통구 영통로 214번길 8 1층,37.2465113,127.0596207,031-273-8751
매헌역점,서울특별시 서초구 동산로 1 1층,37.4689615,127.0401234,02-2058-0921
문래동점,서울특별시 영등포구 문래동6가 5번지 1층,37.5195897,126.8890304,02-2069-3157
해운대점,부산광역시 해운대구 해운대 해변로277 다옴빌딩1층,35.1598905,129.16158,051-746-8214
역삼동태광타워점,서울특별시 강남구 역삼동 718-20 태광타워 1층,37.5009053,127.0400123,02-569-9867
수지동천점,경기도 용인시 수지구 손곡로 95 송란빌딩 1층,37.335929,127.0917996,031-896-9044
파주운정홈플러스점,경기도 파주시 청암로 17번길 17 1층,37.7511493,126.768323,031-949-1408
잠원논현역점,서울특별시 서초구 신반포로47길 5 건물전체 1~3층,37.5109257,127.0194354,02-541-7404
천호역점,서울특별시 강동구 올림픽로 659 쌍용플래티넘리버 1층,37.540229,127.1235413,02-488-5912
홍대역8번출구점,서울특별시 마포구 양화로18안길 7 2층,37.5567889,126.9250467,02-338-9463
산본역점,경기도 군포시 광정로58 1층 104호 및 2층,37.3584678,126.9309702,031-399-8812
원주AK플라자점,강원도 원주시 봉화로1 AK플라자원주점 1층,37.3456122,127.927826,033-748-0631
화정중앙공원점,경기도 고양시 덕양구 화신로260번길 26 동민프라자 1층 103~107호,37.6317014,126.8329784,031-979-9402
강남역12번출구점,서울특별시 강남구 테헤란로 111 2층,37.4988373,127.0292686,02-569-5838
서초부띠크모나코점,서울특별시 서초구 서초대로 397 부띠크모나코 1층,37.4973672,127.0245062,02-537-4662
송파파크하비오점,서울특별시 송파구 송파대로 111 송파파크하비오 205동 1층 110-113,37.4856859,127.1193237,02-449-6881
문정역엠스테이트점,"서울특별시 송파구 법원로 114, 엠스테이트 B동 지하 1층, B145-147",37.4859826,127.1197497,02-6177-9080
상봉역점,서울특별시 중랑구 망우로 291 1층,37.5964105,127.0847782,02-493-8902
강동경희대병원앞점,서울특별시 강동구 동남로 885 양지빌딩 1층,37.5526158,127.1559614,02-481-9938
노원역점,"서울특별시 노원구 노해로 490, 길빌딩 2층",37.6543704,127.0623953,02-952-9577
종각역점,서울특별시 종로구 종로 70 2층,37.5698561,126.9851538,02-739-6268
평택소사점,"경기도 평택시 평남로 862, 로이드빌딩 1층",37.000475,127.111495,031-692-2405
몽촌토성역점,"서울특별시 송파구 방이동 44-2, 장은빌딩 1층",37.5168692,127.1127943,02-2141-0407
도곡동지오빌딩점,"서울특별시 강남구 도곡동 543-1, 지오빌딩 B1층",37.4923786,127.0417159,02-2058-3027
강북구청앞점,"서울특별시 강북구 한천로 139길 25, 1층 일부 및 2층 (수유동 191-70)",37.6390728,127.0257088,02-994-8878
송도트리플스트리트점,"인천광역시 연수구 송도과학로 16번길 33-4 D동 119호,207호",37.3839118,126.6438546,032-310-9644
구의삼성쉐르빌점,서울특별시 광진구 구의강변로 106 삼성쉐르빌 1층,37.5398369,127.0948552,02-2201-8953
여의도SK증권빌딩점,서울특별시 영등포구 국제금융로8길31 여의도SK증권빌딩점 1층,37.5200391,126.9286025,02-6484-5150
현대시티몰가든파이브점,서울특별시 송파구 충민로 66 가든파이브 라이프동 테크노관 1층,37.4775778,127.1249983,02-2673-2110
위례2차아이파크점,서울특별시 송파구 위례광장로 230 위례2차 아이파크 B동 1층,37.4797341,127.1440951,02-449-9703
혜화역1번출구점,서울특별시 종로구 대학로 128 2층,37.5826659,127.0021429,02-766-7937
한성대입구역점,서울특별시 성북구 삼선교로 12 1층,37.5876061,127.0071529,02-766-7951
한티역디마크빌딩점,서울특별시 강남구 도곡로 408 디마크빌딩 1층,37.4966281,127.055214,02-2052-6590
논현201-5번지점,"서울특별시 강남구 강남대로112길 20 1층, 2층",37.5054749,127.0260407,02-541-9563
부산수영역점,부산광역시 수영구 수영로 667 1층,35.165358,129.1144954,051-759-9046
수원송죽DT점,경기도 수원시 장안구 경수대로 989,37.3050129,127.0029155,031-248-6086
동교동삼거리점,서울특별시 마포구 양화로 196(동교동),37.5583346,126.9264846,02-336-9198
성남신흥점,경기도 성남시 수정구 수정로 190 (신흥동),37.4502975,127.1497231,031-759-6675
응암동점,"서울특별시 은평구 은평로 121(응암동), 메디컬빌딩",37.6004562,126.9210757,02-389-6283
서수원이마트점,"경기도 수원시 권선구 수인로 291(구운동), 이마트 서수원점 1층",37.2826517,126.9700778,031-278-6593
양천향교역점,서울특별시 강서구 강서로 457(마곡동),37.5764888,126.8307466,02-3665-9506
성균관대 자연과학캠퍼스점,"경기도 수원시 장안구 서부로 2066, 성균관대 자연과학 캠퍼스 N센터 1층",37.2939419,126.9754234,031-278-7640
마곡마커스빌딩점,서울특별시 강서구 마곡동로 55 마커스빌딩 1층,37.5595843,126.8350639,02-6905-3030
방이역4번출구점,서울특별시 송파구 방이동 206-11,37.5093116,127.1257862,02-420-0386
IFC MALL 3호점,서울특별시 영등포구 국제금융로10 IFC Mall L2(2층),37.5251644,126.9255491,02-6137-5056
동탄능동DT점,"경기도 화성시 능동 453-4,453-8,454-1 소재 건물(1~3층)",37.211684,127.0563643,031-267-4182
수원인계DT점,경기도 수원시 팔달구 인계로79 (인계동),37.2689268,127.0265624,031-898-8818
인천공항 제2여객터미널 입구점,인천광역시 중구 운서동 2868 인천공항 제2터미널 1층 연번(23-124),37.46645,126.4340715,032-743-2894
부산서면서전로점,"부산광역시 부산진구 서전로 12, 1층",35.1575195,129.0608886,051-819-8708
분당차병원본관앞점,경기도 성남시 분당구 야탑로64 DS타워 1층,37.4094716,127.1259514,031-8017-8243
신용산역래미안점,서울특별시 용산구 한강대로95,37.5287967,126.9671806,02-2074-1049
선릉역3번출구세방빌딩점,서울특별시 강남구 선릉로 433 세방빌딩 1층,37.50375,127.0488959,02-2051-9328
광명아브뉴프랑점,경기도 광명시 양지로16 아브뉴프랑 지하 2층 (주)커피빈코리아 광명아브뉴프랑점,37.456254,127.1615181,02-899-7460
새문안로점,"서울특별시 종로구 새문안로 91 고려빌딩 1,2층",37.5704347,126.9747439,02-739-5806
문정동환인제약빌딩점,서울특별시 송파구 법원로6길 11 환인빌딩 1층,37.4941097,127.0106092,02-449-9569
경희대점,서울특별시 동대문구 경희대로 10 (회기동),37.5923663,127.0526497,02-3295-4552
파주DT점,경기도 파주시 문발로 131,37.7071667,126.6869133,031-8070-0028
창원시티세븐점,"경상남도 창원시 성산구 원이대로 320, 더시티세븐S-105호(대원동)",35.239659,128.6544233,055-600-5361
종로구청앞점,서울특별시 종로구 종로3길 34,37.5718353,126.9794679,02-739-6151
상수역점,"서울특별시 마포구 와우산로10길 3, 엘케이빌딩 1~3층",37.5481084,126.9231717,02-325-6804
안양시청앞점,"경기도 안양시 동안구 시민대로 260, 1층 104,105호",37.3918595,126.9571155,031-5177-4770
하남신세계백화점 B1점,"경기도 하남시 미사대로 750, 신세계백화점 지하1층 식품관",37.5434191,127.236611,031-8072-1641
종로센트로폴리스점,"서울특별시 종로구 우정국로 26 센트로폴리스 1층 Retail 1-5,6",37.5716155,126.9833532,02-6370-5845
잠실향군타워점,서울특별시 송파구 올림픽로35길 123 1층,37.5188607,127.0992536,02-412-8812
부산서면점,부산광역시 부산진구 서면로 62-1 에이스메디컬타워 1F,35.1563184,129.0580556,051-802-4282
영종도운서역점,"인천광역시 중구 신도시남로 142번길 6 (메가스타 영종 139,140,141호)",37.4941555,126.4918914,032-746-9822
동대입구역점,"서울특별시 중구 장충동2가 188-11, 188-4, 188-5",37.5597027,127.0052075,02-2264-8247
해운대센텀호텔점,부산광역시 해운대구 센텀3로 20 해운대센텀호텔 1F 101호,35.1678073,129.1328308,051-743-5088
교대법원점,"서울특별시 서초구 서초중앙로 156, 1층",37.4956018,127.0135087,02- 3664-7716
부천북부역사거리점,경기도 부천시 부천로25,37.4866431,126.7829404,032-655-8954
부산남포역점,부산광역시 중구 해관로 1 희남빌딩 1층,35.1053681,129.035314,051-246-6284
광주상무역점,"광주광역시 서구 상무중앙로 9, 동양빌딩 1F",35.1477411,126.8479351,062-385-8371
김포장기DT점,경기도 김포시 태장로 819,37.6379309,126.6825156,031-987-0409
서초동점,서울특별시 서초구 반포대로70,37.4866717,127.01052,02-3665-9507
남양주화도DT점,경기도 남양주시 경춘로 1641,37.6373116,127.2182144,031-591-2406
선정릉역점,서울특별시 강남구 봉은사로 331 SH빌딩점 B1-1층,37.5101996,127.0429674,02-2058-3028
화곡역점,서울특별시 강서구 강서로 162,37.5413713,126.841038,02-766-7952
부천스타필드시티점,경기도 부천시 옥길동 768 부천스타필드시티점 4층,37.4666016,126.8247689,02-6386-1423
송도푸르지오월드마크점,"인천광역시 연수구 컨벤시아대로 60, 1층",37.3973377,126.6506942,032-851-6269
광주문화전당역점,광주광역시 동구 서남동 서석로 44 1층 ~ 2층,35.1465424,126.9184084,062-236-6591
대구228공원앞점,대구광역시 중구 동성로3길 106,35.869952,128.5988209,053-421-7436
삼성루첸타워점,서울특별시 강남구 대치동 943-2 루첸타워 1층 로비,37.5070215,127.0587625,02-994-8879
수원AK플라자점,경기도 수원시 팔달구 덕영대로 924 AK플라자 4층,37.2654762,127.0003508,031-240-2246 ｜ 031-278-7641
하나은행을지로본점,서울특별시 중구 을지로 35 하나은행 을지로본점 24F 내 스마트워크센터,37.5664524,126.9818516,02-338-9179
선릉KSA한국표준협회점,서울특별시 강남구 테헤란로69길 5 DT센터점 1층,37.5061942,127.0524311,02-3141-7948
논현역6번출구앞점,서울특별시 서초구 강남대로 563 페이토플라자 1층 ( 잠원동 37-1 ),37.5118313,127.0202041,02-755-3301
이태원몬드리안호텔점,서울특별시 용산구 장문로 23 몬드리안 서울 이태원호텔 101호,37.5285106,126.9931163,02-3775-0548
광주봉선점,광주광역시 남구 봉선로 168,35.1228634,126.913529,062-671-3371
KB국민은행노원역점,"서울특별시 노원구 동일로 1405, 1층 일부",37.6562713,127.0624069,02-930-9486
수서역원방빌딩점,서울특별시 강남구 광평로 51길 6-23 원방테크사옥 1층,37.4887469,127.1041429,02-3473-3830
송파헬리오시티점,서울특별시 송파구 송파대로 345 ( 헬리오시티상가 3블럭 A동 B1층 22호 ),37.4976932,127.1066824,02-777-3363
청계천을지로점,서울특별시 중구 남대문로10길 33 1F,37.5672335,126.9836227,02-723-1771
서초중앙로점,"서울특별시 서초구 서초중앙로 209, 해성빌딩 1층",37.5002838,127.0118117,02-537-2992
일산동구청점,경기도 고양시 일산동구 정발산로 38,37.6566756,126.7731232,031-903-3989
부산화명수정역점,"부산광역시 북구 학사로 8 (화명동 2312), 크리스탈타워 2층 201~202호",35.2240618,129.0087461,051-361-3370
용인역북점,경기도 용인시 처인구 역북동 598-7,37.2295925,127.1883273,031-323-6886
부산중앙역점,부산광역시 중구 중앙대로 102 팬오션빌딩 1F,35.1067285,129.0365525,051-466-8856
천안신부동점,충청남도 천안시 동남구 만남로 48,36.8185777,127.1573768,041-566-0718
제주아라점,제주도 제주시 연북로 511,33.4858923,126.518754,064-758-1194
혜화역점,서울특별시 종로구 대명길 5,37.5834855,127.001148,02-745-9471
용인에버랜드점,경기도 용인시 처인구 포곡읍 가실리 156-1 (파크내 홀랜드빌리지 옆 암스테르담),37.2903297,127.2005967,031-334-0556
명동거리점,서울특별시 중구 명동 10길 52 명동역 신한은행 사옥 1층,37.5614189,126.9856893,02-522-7158
안양LS타워점,경기도 안양시 동안구 엘에스로 127 1층,37.3723546,126.9471971,031-429-9650
상암SBS프리즘타워점,서울특별시 마포구 상암산로 82 SBS 프리즘 타워 1층 로비,37.5796671,126.8927316,02-562-9605
이천하이닉스 행복마을점,"경기도 이천시 대산로288번길 89, 행복1마을 복지A동 지하1층",37.2492594,127.4739575,031-638-7018
진주LH본사점,경상남도 진주시 충의로 19 LH진주사옥 공감동 1층,35.1724849,128.0575056,055-763-3520